{"name":"SaudacaoIntent","identifier":"Z1OWIOBJNV","description":null,"parentIntentSignature":null,"sampleUtterances":[{"utterance":"oi"},{"utterance":"olá"},{"utterance":"ola"},{"utterance":"bom dia"},{"utterance":"boa tarde"},{"utterance":"boa noite"},{"utterance":"como vai?"},{"utterance":"hallo"},{"utterance":"ae"},{"utterance":"ai"}],"intentConfirmationSetting":null,"intentClosingSetting":{"isActive":true,"nextStep":{"sessionAttributes":null,"intent":{"name":"DitadoIntent","slots":null},"dialogAction":{"type":"StartIntent","suppressNextMessage":null,"slotToElicit":null}},"closingResponse":null},"initialResponseSetting":{"nextStep":{"sessionAttributes":null,"intent":{"name":null,"slots":null},"dialogAction":{"type":"CloseIntent","suppressNextMessage":null,"slotToElicit":null}},"conditional":null,"codeHook":{"isActive":false,"invocationLabel":null,"postCodeHookSpecification":{"failureResponse":null,"failureNextStep":{"sessionAttributes":null,"intent":{"name":null,"slots":null},"dialogAction":{"type":"EndConversation","suppressNextMessage":null,"slotToElicit":null}},"failureConditional":null,"successConditional":null,"timeoutResponse":null,"timeoutNextStep":{"sessionAttributes":null,"intent":{"name":null,"slots":null},"dialogAction":{"type":"EndConversation","suppressNextMessage":null,"slotToElicit":null}},"timeoutConditional":null,"successResponse":null,"successNextStep":{"sessionAttributes":null,"intent":{"name":null,"slots":null},"dialogAction":{"type":"EndConversation","suppressNextMessage":null,"slotToElicit":null}}},"enableCodeHookInvocation":true},"initialResponse":{"messageGroupsList":[{"message":{"ssmlMessage":null,"customPayload":null,"plainTextMessage":{"value":"Olá! Eu sou a Bete, e estou aqui para ajudar você a aprimorar sua leitura."},"imageResponseCard":null},"variations":null}],"allowInterrupt":true}},"inputContexts":null,"outputContexts":null,"kendraConfiguration":null,"dialogCodeHook":null,"fulfillmentCodeHook":{"isActive":false,"postFulfillmentStatusSpecification":{"failureResponse":{"messageGroupsList":[{"message":{"ssmlMessage":null,"customPayload":null,"plainTextMessage":{"value":"Algo deu errado, tente de novo."},"imageResponseCard":null},"variations":null}],"allowInterrupt":true},"failureNextStep":{"sessionAttributes":null,"intent":{"name":null,"slots":null},"dialogAction":{"type":"EndConversation","suppressNextMessage":null,"slotToElicit":null}},"timeoutResponse":null,"timeoutNextStep":{"sessionAttributes":null,"intent":{"name":null,"slots":null},"dialogAction":{"type":"EndConversation","suppressNextMessage":null,"slotToElicit":null}},"successResponse":null,"successNextStep":{"sessionAttributes":null,"intent":{"name":null,"slots":null},"dialogAction":{"type":"EndConversation","suppressNextMessage":null,"slotToElicit":null}}},"fulfillmentUpdatesSpecification":null,"enabled":false},"slotPriorities":[]}