{"name":"DitadoIntent","identifier":"PQEDOTNVWI","description":null,"parentIntentSignature":null,"sampleUtterances":[{"utterance":"quero falar palavras"},{"utterance":"foto"},{"utterance":"foto de palavras"},{"utterance":"audio"},{"utterance":"palavras"},{"utterance":"fazer ditado"},{"utterance":"dotado"},{"utterance":"áudio"},{"utterance":"falar"},{"utterance":"exercício de ditado"}],"intentConfirmationSetting":null,"intentClosingSetting":null,"initialResponseSetting":{"nextStep":{"sessionAttributes":null,"intent":{"name":null,"slots":null},"dialogAction":{"type":"ElicitSlot","suppressNextMessage":null,"slotToElicit":"VozSlot"}},"conditional":null,"codeHook":{"isActive":false,"invocationLabel":null,"postCodeHookSpecification":{"failureResponse":null,"failureNextStep":{"sessionAttributes":null,"intent":{"name":null,"slots":null},"dialogAction":{"type":"EndConversation","suppressNextMessage":null,"slotToElicit":null}},"failureConditional":null,"successConditional":null,"timeoutResponse":null,"timeoutNextStep":{"sessionAttributes":null,"intent":{"name":null,"slots":null},"dialogAction":{"type":"EndConversation","suppressNextMessage":null,"slotToElicit":null}},"timeoutConditional":null,"successResponse":null,"successNextStep":{"sessionAttributes":null,"intent":{"name":null,"slots":null},"dialogAction":{"type":"ElicitSlot","suppressNextMessage":null,"slotToElicit":"VozSlot"}}},"enableCodeHookInvocation":false},"initialResponse":{"messageGroupsList":[{"message":{"ssmlMessage":null,"customPayload":null,"plainTextMessage":{"value":"Muito bem vamos fazer um ditado. "},"imageResponseCard":null},"variations":null}],"allowInterrupt":true}},"inputContexts":null,"outputContexts":null,"kendraConfiguration":null,"dialogCodeHook":null,"fulfillmentCodeHook":null,"slotPriorities":[{"priority":1,"slotName":"VozSlot"}]}